{
    "normals":[0,-1,0,0,1,0,0.972141,-0.234398,2.56713e-07,-1,-3.57225e-08,-3.22857e-08,-1,-2.69969e-08,-8.94965e-08,-2.6862e-06,0.484129,0.874997,-5.04475e-06,-2.46317e-07,1,2.92064e-06,3.16693e-07,-1,0.424514,-8.44058e-08,0.905421,0.936483,-0.0213796,0.350061,1.11925e-06,0.484128,-0.874997,-1,-3.57225e-08,3.22857e-08,1.69327e-10,-1,-0.000221171,-2.2577e-10,-1,0.000221438,2.09096e-07,1.20753e-07,-1,0.955945,9.9673e-08,-0.293547,0.955945,-7.1195e-08,0.293547,0.843788,0.536677,0,1,0,3.26899e-07,-0,1,0,-2.09096e-07,-4.02509e-08,1,0.0652297,-0.00553892,0.997855,0.998665,0.00052853,-0.0516474,0.998665,0.000528658,0.0516476,0.256311,-0.966595,0,1,6.32285e-08,1.42852e-07,-0,-1,0,0.384232,0.923236,1.2903e-07,0.0652302,-0.00553876,-0.997855,0.942175,-3.7548e-08,0.335122,0.942175,-1.40805e-08,-0.335122,0.823453,-2.63539e-07,0.567385,0.923489,0.0181999,-0.383193,0.499496,3.82549e-08,-0.866316,0.808994,1.1589e-07,-0.587817,0.932044,-0.0136834,-0.362086,0.923242,0.0294056,0.383093,1,1.2171e-08,0,1,-2.69579e-14,3.46083e-07,1,-7.21323e-08,1.71422e-07,1,-8.08604e-08,3.00607e-07,-2.0724e-14,-1,4.98572e-08,-2.73288e-07,0.135217,0.990816,2.73288e-07,0.135217,-0.990816],
    "materials":[{
        "specularCoef":50,
        "colorEmissive":[0,0,0],
        "blending":"NormalBlending",
        "DbgColor":15658734,
        "DbgIndex":0,
        "depthTest":true,
        "depthWrite":true,
        "wireframe":false,
        "transparent":false,
        "DbgName":"Material",
        "shading":"phong",
        "opacity":1,
        "colorDiffuse":[0.64,0.64,0.64],
        "visible":true,
        "colorSpecular":[0.5,0.5,0.5]
    }],
    "metadata":{
        "normals":44,
        "faces":46,
        "vertices":48,
        "generator":"io_three",
        "materials":1,
        "uvs":0,
        "version":3,
        "type":"Geometry"
    },
    "faces":[35,0,1,2,3,0,0,0,0,0,35,4,7,6,5,0,1,1,1,1,35,4,5,19,18,0,2,2,2,2,35,6,2,12,14,0,3,3,3,3,35,2,6,7,3,0,4,4,4,4,35,5,6,14,13,0,5,5,5,5,35,11,13,14,12,0,6,6,6,6,35,10,8,9,15,0,7,7,7,7,35,1,5,35,34,0,8,8,8,8,35,5,13,39,35,0,9,9,9,9,35,7,4,10,15,0,10,10,10,10,35,3,7,15,9,0,11,11,11,11,35,2,1,11,12,0,12,12,12,12,35,0,3,9,8,0,13,13,13,13,35,19,17,21,23,0,14,14,14,14,35,5,1,17,19,0,15,15,15,15,35,0,4,18,16,0,16,16,16,16,35,1,0,16,17,0,17,17,17,17,35,22,23,27,26,0,18,18,18,18,35,17,16,20,21,0,19,19,19,19,35,18,19,23,22,0,0,0,0,0,35,16,18,22,20,0,20,20,20,20,35,27,25,29,31,0,21,21,21,21,35,20,22,26,24,0,22,22,22,22,35,23,21,25,27,0,23,23,23,23,35,21,20,24,25,0,24,24,24,24,35,31,29,41,43,0,25,25,25,25,35,25,24,28,29,0,26,26,26,26,35,26,27,31,30,0,27,27,27,27,35,24,26,30,28,0,28,28,28,28,35,34,35,39,38,0,29,29,29,29,35,33,32,36,37,0,30,30,30,30,35,13,11,38,39,0,31,31,31,31,35,0,8,36,32,0,32,32,32,32,35,4,0,32,33,0,33,33,33,33,35,8,10,37,36,0,34,34,34,34,35,10,4,33,37,0,35,35,35,35,35,11,1,34,38,0,36,36,36,36,35,41,40,44,45,0,19,19,19,19,35,29,28,40,41,0,37,37,37,37,35,30,31,43,42,0,38,38,38,38,35,28,30,42,40,0,39,39,39,39,35,44,46,47,45,0,40,40,40,40,35,42,43,47,46,0,41,41,41,41,35,40,42,46,44,0,42,42,42,42,35,43,41,45,47,0,43,43,43,43],
    "vertices":[0.639453,-3.31175,-1.665,0.639453,-3.31175,1.665,-0.639453,-3.31175,1.665,-0.639453,-3.31175,-1.665,0.639453,3.31175,-1.665,0.639453,3.31175,1.665,-0.639453,3.31175,1.665,-0.639453,3.31175,-1.665,-0.190476,-3.31215,-3.45553,-0.639453,-3.31215,-3.45553,-0.190476,0.0756182,-3.45553,-0.190476,-3.31215,3.45553,-0.639453,-3.31215,3.45553,-0.190476,0.0756185,3.45553,-0.639453,0.0756185,3.45553,-0.639453,0.0756182,-3.45553,0.517032,-3.11928,-1.26633,0.517032,-3.11928,1.26633,0.517033,2.80403,-1.26633,0.517032,2.80403,1.26633,-0.0530848,-3.11928,-1.26633,-0.0530848,-3.11928,1.26633,-0.0530844,2.80403,-1.26633,-0.0530852,2.80403,1.26633,-0.0435343,-3.11675,-1.14226,-0.0435343,-3.11675,1.14226,-0.0530844,2.72073,-1.20656,-0.0530852,2.72073,1.20656,0.434892,-3.11675,-1.14226,0.434892,-3.11675,1.14226,0.434892,2.51765,-1.14226,0.434892,2.51765,1.14226,0.513077,-2.8466,-1.73786,0.513077,2.54581,-1.73786,0.513077,-2.8466,1.72425,0.513076,2.54581,1.72425,-0.00908123,-2.84692,-3.20588,-0.00908102,-0.0888289,-3.20588,-0.00908123,-2.84692,3.19227,-0.00908147,-0.0888286,3.19227,0.434892,-0.668115,-0.0488418,0.434892,-0.668115,0.0488425,0.434892,0.0690151,-0.149438,0.434892,0.0690152,0.149439,-0.389628,-0.668115,-0.0488419,-0.389628,-0.668115,0.0488424,-0.389627,0.0690151,-0.149438,-0.389628,0.0690152,0.149439],
    "uvs":[]
}